https://www.shu.edu.cn/info/1051/371945.htm,84e93406da364dd9bec5fe2cac73573450ac314c4d084c82a8a8d15cb6417748
https://www.shu.edu.cn/info/1051/369125.htm,ff9c6cac460f9774da41035f40f11dd8462150f04059121116e5c13ac6f9d0f3
https://www.shu.edu.cn/info/1051/366425.htm,bc0339c416709df9702c839b68c941582a03f78cb9044a89a8b530ab2e6ce37d
https://www.shu.edu.cn/info/1051/364115.htm,cf822b7880f7f3ac9503d6c6f57e0b091a9bd0ca62f1234a5a7e65c817fb6aab
https://www.shu.edu.cn/info/1051/363615.htm,89560c67f76198a4236c0ddba96a83793a90e19986c645168f8b3695d298186b
https://www.shu.edu.cn/info/1051/372455.htm,cd76fb9d33fa9471e354c8c3f6400e4e6ba80df1633d01c68310bfa018494a32
https://www.shu.edu.cn/info/1051/373705.htm,ebaafeb513613f86e4077a1967e28aaaad4641c6184ac864d35193846b81f873
https://www.shu.edu.cn/info/1051/374395.htm,661dc8560a7836a8e81efae23717222757ffc78abb3469697ddded16861bd88d
https://www.shu.edu.cn/info/1051/376535.htm,aab5099b5b01bb880b189413f5203b12143df295209e18c49cafd9eb43c4d080
https://www.shu.edu.cn/info/1051/376565.htm,41297b569a8ffc249e7a7cd39f42cd2805817aadeeade3e323d967bc660ff3e2
https://www.shu.edu.cn/info/1051/378945.htm,1a0fb02e9fc90b97d3fc7250f8f841492b5aa1965445f61cab17fadb38447b27
https://www.shu.edu.cn/info/1051/378995.htm,09bd0f4859f20d1f76d81267a3a078bca29203b73cc8aea127d218f0ec41930d
https://www.shu.edu.cn/info/1051/379305.htm,3761e285459e9dabcb1c5da9afeeba5ceb55d7defffd20f65a67bcf06c46adb5
https://www.shu.edu.cn/info/1051/379605.htm,5166bb2c9b422cea46730b23220b9d3b52bf6056fcd4d704fec86199f4d6c301
https://www.shu.edu.cn/info/1051/379635.htm,1c33f987757d570fadd5f5b25177fbd4d337f4a9ffc904932e4d6efa0ccda4ae
https://www.shu.edu.cn/info/1051/380045.htm,8e934a4556a5c3f9c586c76f6e286aca03d16320ab63e4607a7c1ffe988ac24b
https://www.shu.edu.cn/info/1051/380025.htm,62a19f02430af8fffc3e6a1c94c2feb865493b2b125394037a5196d37be6df3a
https://www.shu.edu.cn/info/1051/380015.htm,6e8985f3eaef1947fe7999b95309af25c74c6da473aa631e4942074112527bd6
